Workbook

Sheet 项目维度研发经费投入表
B1: 研发项目总表 | C1: 2025年10月31日 | L1: =[2]RMB汇率!AB13 -> 0.9123 | M1: =[2]RMB汇率!AC13 -> 0.917
L2: BS | M2: P&L
B3: 项目编码 | C3: 项目名称 | D3: 立项年份 | E3: 类别 | F3: 委外/委内 | G3: 人工成本 | H3: 其他 | I3: 总金额 | J3: 总金额
F4: 港币 | G4: 港币 | H4: 港币 | I4: 港币 | J4: 人民币
B5: R2410004 | C5: =VLOOKUP(B5,[1]ERP項目列表!B:C,2,0) -> 2024年大数据智能化应用研发项目 | D5: 2024 | E5: Opex | H5: -17522 | I5: =SUM(F5:H5) -> -17522 | J5: =I5*$M$1 -> -16067.674
B6: R2420003 | C6: 2024年能力运营中心升级开发项目 | D6: 2024 | E6: Capex | F6: 333000 | I6: =SUM(F6:H6) -> 333000 | J6: =I6*$L$1 -> 303795.9
B7: R2420004 | C7: =VLOOKUP(B7,[1]ERP項目列表!B:C,2,0) -> 2024年BOSS系统开发项目 | D7: 2024 | E7: Capex | F7: 4974865 | I7: =SUM(F7:H7) -> 4974865 | J7: =I7*$L$1 -> 4538569.3
B8: R2420007 | C8: =VLOOKUP(B8,[1]ERP項目列表!B:C,2,0) -> 2024年数智工程一体化平台研发项目 | D8: 2024 | E8: Capex | F8: 1476346.4 | I8: =SUM(F8:H8) -> 1476346.4 | J8: =I8*$L$1 -> 1346870.8
B9: R2510001 | C9: 2025年大数据及人工智能应用合作研发 | D9: 2025 | E9: Opex | F9: 2045905 | G9: 406316.1 | I9: =SUM(F9:H9) -> 2452221.1 | J9: =I9*$M$1 -> 2248686.7
B10: R2510002 | C10: =VLOOKUP(B10,[1]ERP項目列表!B:C,2,0) -> 2025年人工智能赋能网络能力研发 | D10: 2025 | E10: Opex | F10: 100000 | G10: 1391069.8 | I10: =SUM(F10:G10) -> 1491069.8 | J10: =I10*$M$1 -> 1367311 | L10: =J10-J11-J12 -> 0 | M10: =I10-I11-I12 -> 0
C11: 其中: 无线中心 | F11: 100000 | G11: 544716.68 | I11: =SUM(F11:G11) -> 644716.68 | J11: =I11*$M$1 -> 591205.2
C12: 其中: MyLink中心 | G12: 846353.1 | I12: =SUM(F12:H12) -> 846353.1 | J12: =I12*$M$1 -> 776105.79
B13: R2510003 | C13: =VLOOKUP(B13,[1]ERP項目列表!B:C,2,0) -> 2025年算力资源研究 | D13: 2025 | E13: Opex | G13: 776865.01 | I13: =SUM(F13:H13) -> 776865.01 | J13: =I13*$M$1 -> 712385.21
B14: R2510004 | C14: =VLOOKUP(B14,[1]ERP項目列表!B:C,2,0) -> 2025年安防和信创研发 | D14: 2025 | E14: Opex | G14: 1014931.7 | I14: =SUM(F14:H14) -> 1014931.7 | J14: =I14*$M$1 -> 930692.37
B15: R2510005 | C15: =VLOOKUP(B15,[1]ERP項目列表!B:C,2,0) -> 2026-2030年网络发展规划研究 | D15: 2025 | E15: Opex | F15: 1254575 | G15: 566305.05 | I15: =SUM(F15:H15) -> 1820880.1 | J15: =I15*$M$1 -> 1669747
B16: R2510006 | C16: =VLOOKUP(B16,[1]ERP項目列表!B:C,2,0) -> 基于无人设备的海域通信测试研究项目 | D16: 2025 | E16: Opex | G16: 283067.5 | I16: =SUM(F16:H16) -> 283067.5 | J16: =I16*$M$1 -> 259572.9
B17: R2510007 | C17: =VLOOKUP(B17,[1]ERP項目列表!B:C,2,0) -> 高精度定位网络能力增强研究项目 | D17: 2025 | E17: Opex | F17: 743820 | G17: 29730.05 | I17: =SUM(F17:G17) -> 773550.05 | J17: =I17*$M$1 -> 709345.4
B18: R2510008 | C18: =VLOOKUP(B18,[1]ERP項目列表!B:C,2,0) -> 多感知数据融合分析平台与融合通感基站一体化物理设计研究项目 | D18: 2025 | E18: Opex | F18: 424120 | G18: 186539.9 | I18: =SUM(F18:G18) -> 610659.9 | J18: =I18*$M$1 -> 559975.13
B19: R2510009 | C19: 基于多模态数据和检索增强的安全领域算法研究项目 | D19: 2025 | E19: Opex | G19: 209869.25 | I19: =SUM(F19:H19) -> 209869.25 | J19: =I19*$M$1 -> 192450.1
B20: R2520001 | C20: 2025年网络运维智能化应用研发 | D20: 2025 | E20: Capex | F20: 5183208.7 | I20: =SUM(F20:H20) -> 5183208.7 | J20: =I20*$L$1 -> 4728641.3
I21: =SUM(I5:I10,I13:I20) -> 21383012 | J21: =SUM(J5:J10,J13:J20) -> 19551975
I22: =I21-SUM([2]接收!X2:X31)-SUM([2]委外费用接收!AC2:AC24)-SUM([2]人工成本!AC2:AC1354) -> 0 | J22: =J21-SUM([2]Sheet6!C4:C6,[2]Sheet6!C9)*L1-SUM([2]Sheet6!C7:C8)*M1-SUM([2]委外费用接收!AC2:AC24)*M1-SUM([2]人工成本!AC2:AC2000)*M1 -> 0
